id,image_file,patient_name,exhalation_time,total_duration,has_plateau,SPXPTS,Vext,time_to_peak_flow,has_valid_peak
img_00001,datos/pixel_image_real/img_00001.png,ALONSOGARCIAROSAMARIA,7.73,8.02,1,803,0.0239,0.18,1
img_00002,datos/pixel_image_real/img_00002.png,ALONSOGARCIAROSAMARIA,6.67,9.1,1,911,0.0213,0.62,1
img_00003,datos/pixel_image_real/img_00003.png,ALONSOGARCIAROSAMARIA,6.22,8.23,1,824,0.0362,0.16,1
img_00004,datos/pixel_image_real/img_00004.png,ALONSOGARCIAROSAMARIA,2.08,10.73,1,1074,0.0211,2.95,1
img_00005,datos/pixel_image_real/img_00005.png,ALVAREZFERNANDEZJOSEFINA,6.52,6.52,0,653,0.0348,0.13,1
img_00006,datos/pixel_image_real/img_00006.png,ALVAREZFERNANDEZJOSEFINA,6.47,6.47,0,648,0.028,0.14,1
img_00007,datos/pixel_image_real/img_00007.png,ALVAREZFERNANDEZJOSEFINA,6.62,6.62,0,663,0.0189,0.14,1
img_00008,datos/pixel_image_real/img_00008.png,ALVAREZFERNANDEZJOSEFINA,6.56,6.56,0,657,0.0126,0.1,1
img_00009,datos/pixel_image_real/img_00009.png,ALVAREZFERNANDEZJOSEFINA,6.54,6.54,1,655,0.011,0.06,1
img_00010,datos/pixel_image_real/img_00010.png,ALVAREZFERNANDEZJOSEFINA,6.54,6.54,1,655,0.0166,0.1,1
img_00011,datos/pixel_image_real/img_00011.png,ALVAREZNUÑEZMARIALUISA,10.76,10.76,1,1077,0.02,4.22,1
img_00012,datos/pixel_image_real/img_00012.png,ALVAREZNUÑEZMARIALUISA,14.53,20.78,1,2079,0.0299,5.39,1
img_00013,datos/pixel_image_real/img_00013.png,ALVAREZNUÑEZMARIALUISA,13.43,16.13,1,1614,0.002,4.74,1
img_00014,datos/pixel_image_real/img_00014.png,ALVAREZNUÑEZMARIALUISA,11.81,11.87,1,1188,0.0011,4.1,1
img_00015,datos/pixel_image_real/img_00015.png,ALVAREZNUÑEZMARIALUISA,12.16,12.16,1,1217,0.0209,0.0,1
img_00016,datos/pixel_image_real/img_00016.png,ALVAREZNUÑEZMARIALUISA,11.19,11.19,1,1120,0.023,3.81,1
img_00017,datos/pixel_image_real/img_00017.png,ARNALDODOPICOJUANANTONIO,8.72,8.72,1,873,0.0201,1.35,1
img_00018,datos/pixel_image_real/img_00018.png,ARNALDODOPICOJUANANTONIO,7.88,7.88,1,789,0.02,0.08,1
img_00019,datos/pixel_image_real/img_00019.png,ARNALDODOPICOJUANANTONIO,8.24,8.24,1,825,0.0158,0.07,1
img_00020,datos/pixel_image_real/img_00020.png,ARNALDODOPICOJUANANTONIO,7.73,7.73,1,774,0.0289,0.05,1
img_00021,datos/pixel_image_real/img_00021.png,ARNALDODOPICOJUANANTONIO,7.17,7.17,0,718,0.0724,0.03,1
img_00022,datos/pixel_image_real/img_00022.png,ARNALDODOPICOJUANANTONIO,7.38,7.38,1,739,0.03,0.06,1
img_00023,datos/pixel_image_real/img_00023.png,ELKACIMRACHID,16.22,16.22,1,1623,0.0254,9.83,1
img_00024,datos/pixel_image_real/img_00024.png,ELKACIMRACHID,19.3,19.3,1,1931,0.0214,7.34,1
img_00025,datos/pixel_image_real/img_00025.png,ELKACIMRACHID,8.61,8.61,1,862,0.0823,0.0,1
img_00026,datos/pixel_image_real/img_00026.png,ELKACIMRACHID,6.53,6.53,1,654,0.022,3.11,1
img_00027,datos/pixel_image_real/img_00027.png,ELKACIMRACHID,16.68,16.68,1,1669,0.0299,9.65,1
img_00028,datos/pixel_image_real/img_00028.png,ELKACIMRACHID,15.47,15.47,1,1548,0.0202,6.97,1
img_00029,datos/pixel_image_real/img_00029.png,ELKACIMRACHID,21.26,21.26,1,2127,0.0212,12.93,1
img_00030,datos/pixel_image_real/img_00030.png,ELSPERBAUMGARTNERANTONHELMUT,6.68,6.68,0,669,0.0278,0.31,1
img_00031,datos/pixel_image_real/img_00031.png,ELSPERBAUMGARTNERANTONHELMUT,7.45,7.45,0,746,0.0202,0.9,1
img_00032,datos/pixel_image_real/img_00032.png,ELSPERBAUMGARTNERANTONHELMUT,6.68,6.68,1,669,0.036,0.11,1
img_00033,datos/pixel_image_real/img_00033.png,ELSPERBAUMGARTNERANTONHELMUT,6.93,6.93,0,694,0.0264,0.41,1
img_00034,datos/pixel_image_real/img_00034.png,ELSPERBAUMGARTNERANTONHELMUT,7.8,7.8,1,781,0.0206,1.15,1
img_00035,datos/pixel_image_real/img_00035.png,ELSPERBAUMGARTNERANTONHELMUT,6.6,6.6,1,661,0.0215,0.16,1
img_00036,datos/pixel_image_real/img_00036.png,ELSPERBAUMGARTNERANTONHELMUT,7.15,7.15,1,716,0.0241,0.42,1
img_00037,datos/pixel_image_real/img_00037.png,FERNANDEZALONSOAMPARO,8.45,17.67,1,1768,0.0212,9.99,1
img_00038,datos/pixel_image_real/img_00038.png,FERNANDEZALONSOAMPARO,7.92,8.52,1,853,0.0224,1.02,1
img_00039,datos/pixel_image_real/img_00039.png,FERNANDEZALONSOAMPARO,7.2,7.2,1,721,0.0233,0.0,1
img_00040,datos/pixel_image_real/img_00040.png,FERNANDEZALONSOAMPARO,10.21,10.21,1,1022,0.0211,2.76,1
img_00041,datos/pixel_image_real/img_00041.png,FERNANDEZALONSOAMPARO,10.05,10.78,1,1079,0.0223,3.0,1
img_00042,datos/pixel_image_real/img_00042.png,FERNANDEZALONSOAMPARO,8.82,8.94,1,895,0.0289,0.81,1
img_00043,datos/pixel_image_real/img_00043.png,FERNANDEZALONSOAMPARO,4.01,7.6,1,761,0.0244,0.0,1
img_00044,datos/pixel_image_real/img_00044.png,FERNANDEZALONSOAMPARO,7.78,7.78,1,779,0.0282,0.0,1
img_00045,datos/pixel_image_real/img_00045.png,FERNANDEZALONSOAMPARO,6.44,6.99,1,700,0.0231,0.0,1
img_00046,datos/pixel_image_real/img_00046.png,FERNANDEZALVAREZALBA,17.27,17.27,1,1728,0.0203,0.89,1
img_00047,datos/pixel_image_real/img_00047.png,FERNANDEZALVAREZALBA,11.43,11.43,1,1144,0.0212,0.71,1
img_00048,datos/pixel_image_real/img_00048.png,FERNANDEZALVAREZALBA,15.15,15.15,1,1516,0.0217,0.15,1
img_00049,datos/pixel_image_real/img_00049.png,FERNANDEZALVAREZALBA,10.87,11.56,1,1157,0.021,0.74,1
img_00050,datos/pixel_image_real/img_00050.png,FERNANDEZALVAREZALBA,31.95,31.95,1,3196,0.0244,0.1,1
img_00051,datos/pixel_image_real/img_00051.png,FERNANDEZFOLGUEIRASANGELGANRIEL,21.05,21.05,1,2106,0.0242,14.51,1
img_00052,datos/pixel_image_real/img_00052.png,FERNANDEZFOLGUEIRASANGELGANRIEL,21.1,21.59,1,2160,0.0,14.23,1
img_00053,datos/pixel_image_real/img_00053.png,FERNANDEZFOLGUEIRASANGELGANRIEL,21.19,21.19,1,2120,0.0204,13.73,1
img_00054,datos/pixel_image_real/img_00054.png,FERNANDEZFOLGUEIRASANGELGANRIEL,18.04,18.04,1,1805,0.0209,11.59,1
img_00055,datos/pixel_image_real/img_00055.png,FERNANDEZFOLGUEIRASANGELGANRIEL,3.94,19.57,1,1958,0.0,12.22,1
img_00056,datos/pixel_image_real/img_00056.png,FERNANDEZFOLGUEIRASANGELGANRIEL,10.78,12.32,1,1233,0.0219,4.5,1
img_00057,datos/pixel_image_real/img_00057.png,FERNANDEZFOLGUEIRASANGELGANRIEL,15.15,15.15,1,1516,0.0235,7.63,1
img_00058,datos/pixel_image_real/img_00058.png,FERNANDEZFOLGUEIRASANGELGANRIEL,12.58,12.58,1,1259,0.0202,4.35,1
img_00059,datos/pixel_image_real/img_00059.png,GONZALEZBERDIALAIDOIA,10.49,10.49,1,1050,0.0208,0.19,1
img_00060,datos/pixel_image_real/img_00060.png,GONZALEZBERDIALAIDOIA,8.07,8.07,1,808,0.0207,0.42,1
img_00061,datos/pixel_image_real/img_00061.png,GONZALEZBERDIALAIDOIA,8.8,9.57,1,958,0.0207,0.16,1
img_00062,datos/pixel_image_real/img_00062.png,GONZALEZBERDIALAIDOIA,12.4,12.4,1,1241,0.0207,0.13,1
img_00063,datos/pixel_image_real/img_00063.png,GONZALEZBERDIALAIDOIA,9.22,9.66,1,967,0.0216,0.14,1
img_00064,datos/pixel_image_real/img_00064.png,GONZALEZBERDIALAIDOIA,12.19,12.19,1,1220,0.0212,0.31,1
img_00065,datos/pixel_image_real/img_00065.png,GONZALEZMORANANGEL,7.07,7.07,1,708,0.0208,0.3,1
img_00066,datos/pixel_image_real/img_00066.png,GONZALEZMORANANGEL,3.82,10.55,1,1056,0.0219,4.21,1
img_00067,datos/pixel_image_real/img_00067.png,GONZALEZMORANANGEL,7.26,7.26,1,727,0.0222,0.2,1
img_00068,datos/pixel_image_real/img_00068.png,GONZALEZMORANANGEL,6.69,6.69,1,670,0.0416,0.08,1
img_00069,datos/pixel_image_real/img_00069.png,GONZALEZMORANANGEL,5.35,5.35,0,536,0.0195,0.19,1
img_00070,datos/pixel_image_real/img_00070.png,GONZALEZMORANANGEL,5.83,5.83,1,584,0.0192,0.17,1
img_00071,datos/pixel_image_real/img_00071.png,GONZALEZMORANANGEL,7.09,7.09,1,710,0.0184,0.15,1
img_00072,datos/pixel_image_real/img_00072.png,GUTIÉRREZMORANAVELINO,8.27,9.38,1,939,0.0556,0.0,1
img_00073,datos/pixel_image_real/img_00073.png,GUTIÉRREZMORANAVELINO,3.29,7.93,1,794,0.0251,0.13,1
img_00074,datos/pixel_image_real/img_00074.png,MARTÍNAGUDOALBERTOJOSÉ,17.78,17.78,1,1779,0.0155,0.05,1
img_00075,datos/pixel_image_real/img_00075.png,MARTÍNAGUDOALBERTOJOSÉ,7.98,7.98,1,799,0.0207,0.07,1
img_00076,datos/pixel_image_real/img_00076.png,MARTÍNAGUDOALBERTOJOSÉ,7.73,7.73,1,774,0.0189,0.09,1
img_00077,datos/pixel_image_real/img_00077.png,MARTÍNAGUDOALBERTOJOSÉ,9.84,9.84,1,985,0.052,0.01,1
img_00078,datos/pixel_image_real/img_00078.png,MARTÍNAGUDOALBERTOJOSÉ,7.88,7.88,0,789,0.0206,0.62,1
img_00079,datos/pixel_image_real/img_00079.png,MARTÍNAGUDOALBERTOJOSÉ,7.71,7.71,0,772,0.0249,0.03,1
img_00080,datos/pixel_image_real/img_00080.png,MARTÍNAGUDOALBERTOJOSÉ,8.41,8.41,1,842,0.023,0.05,1
img_00081,datos/pixel_image_real/img_00081.png,MONTESRAMOSADOLFO,8.49,8.49,1,850,0.0222,0.15,1
img_00082,datos/pixel_image_real/img_00082.png,MONTESRAMOSADOLFO,8.01,8.01,1,802,0.0255,0.19,1
img_00083,datos/pixel_image_real/img_00083.png,MONTESRAMOSADOLFO,9.25,9.25,1,926,0.0205,1.4,1
img_00084,datos/pixel_image_real/img_00084.png,MONTESRAMOSADOLFO,9.24,9.24,1,925,0.0203,1.51,1
img_00085,datos/pixel_image_real/img_00085.png,MONTESRAMOSADOLFO,9.68,9.68,1,969,0.0204,1.79,1
img_00086,datos/pixel_image_real/img_00086.png,MONTESRAMOSADOLFO,9.66,9.66,1,967,0.0204,1.63,1
img_00087,datos/pixel_image_real/img_00087.png,MONTESRAMOSADOLFO,9.49,9.49,1,950,0.0199,1.57,1
img_00088,datos/pixel_image_real/img_00088.png,MONTESRAMOSADOLFO,7.29,7.29,0,730,0.0122,0.07,1
img_00089,datos/pixel_image_real/img_00089.png,PALACIOSTRESPALACIOSANDRÉS,7.96,7.96,1,797,0.0176,0.09,1
img_00090,datos/pixel_image_real/img_00090.png,PALACIOSTRESPALACIOSANDRÉS,8.86,8.86,1,887,0.0284,0.07,1
img_00091,datos/pixel_image_real/img_00091.png,PALACIOSTRESPALACIOSANDRÉS,7.61,7.61,1,762,0.0263,0.08,1
img_00092,datos/pixel_image_real/img_00092.png,PALACIOSTRESPALACIOSANDRÉS,7.91,7.91,1,792,0.0218,0.16,1
img_00093,datos/pixel_image_real/img_00093.png,PALACIOSTRESPALACIOSANDRÉS,8.47,8.47,1,848,0.0332,0.08,1
img_00094,datos/pixel_image_real/img_00094.png,PALACIOSTRESPALACIOSANDRÉS,9.01,9.01,1,902,0.0225,0.08,1
img_00095,datos/pixel_image_real/img_00095.png,POSADAPEREZARMANDOFRANCISCO,7.49,7.49,1,750,0.0211,0.22,1
img_00096,datos/pixel_image_real/img_00096.png,POSADAPEREZARMANDOFRANCISCO,8.54,8.54,1,855,0.0226,0.5,1
img_00097,datos/pixel_image_real/img_00097.png,POSADAPEREZARMANDOFRANCISCO,8.88,8.88,1,889,0.0239,1.11,1
img_00098,datos/pixel_image_real/img_00098.png,POSADAPEREZARMANDOFRANCISCO,9.84,9.84,1,985,0.0205,1.97,1
img_00099,datos/pixel_image_real/img_00099.png,POSADAPEREZARMANDOFRANCISCO,3.83,13.1,1,1311,0.0209,5.27,1
img_00100,datos/pixel_image_real/img_00100.png,POSADAPEREZARMANDOFRANCISCO,9.07,9.07,1,908,0.0219,0.11,1
img_00101,datos/pixel_image_real/img_00101.png,QUINTANAROBESANGELES,13.51,13.51,1,1352,0.0202,0.15,1
img_00102,datos/pixel_image_real/img_00102.png,QUINTANAROBESANGELES,18.14,18.14,1,1815,0.018,0.1,1
img_00103,datos/pixel_image_real/img_00103.png,QUINTANAROBESANGELES,9.49,9.49,1,950,0.0214,0.34,1
img_00104,datos/pixel_image_real/img_00104.png,QUINTANAROBESANGELES,10.04,10.04,1,1005,0.0215,0.15,1
img_00105,datos/pixel_image_real/img_00105.png,QUINTANAROBESANGELES,8.91,8.91,1,892,0.0183,0.14,1
img_00106,datos/pixel_image_real/img_00106.png,QUINTANAROBESANGELES,10.26,10.26,1,1027,0.0277,0.11,1
img_00107,datos/pixel_image_real/img_00107.png,QUINTANAROBESANGELES,7.08,7.08,1,709,0.019,0.13,1
img_00108,datos/pixel_image_real/img_00108.png,QUINTANAROBESANGELES,16.62,17.03,1,1704,0.0204,7.86,1
img_00109,datos/pixel_image_real/img_00109.png,QUINTANAROBESANGELES,5.44,5.7,1,571,0.0447,0.04,1
img_00110,datos/pixel_image_real/img_00110.png,QUINTANAROBESANGELES,9.23,10.04,1,1005,0.0188,0.11,1
img_00111,datos/pixel_image_real/img_00111.png,QUINTANAROBESANGELES,19.28,19.28,1,1929,0.0202,11.1,1
img_00112,datos/pixel_image_real/img_00112.png,SUAREZDELAROZADELINO,9.31,9.31,1,932,0.0216,1.06,1
img_00113,datos/pixel_image_real/img_00113.png,SUAREZDELAROZADELINO,9.83,9.83,1,984,0.0215,1.06,1
img_00114,datos/pixel_image_real/img_00114.png,SUAREZDELAROZADELINO,15.53,15.53,1,1554,0.0219,0.78,1
img_00115,datos/pixel_image_real/img_00115.png,SUAREZDELAROZADELINO,10.53,10.53,1,1054,0.0199,0.77,1
img_00116,datos/pixel_image_real/img_00116.png,SUAREZDELAROZADELINO,9.64,9.64,1,965,0.021,0.89,1
img_00117,datos/pixel_image_real/img_00117.png,SUAREZDELAROZADELINO,7.94,7.94,1,795,0.0234,0.2,1
img_00118,datos/pixel_image_real/img_00118.png,SUAREZDELAROZADELINO,8.09,8.09,1,810,0.0217,0.13,1
img_00119,datos/pixel_image_real/img_00119.png,SUAREZIGLESIASANAISABEL,14.27,14.77,1,1478,0.0203,3.37,1
img_00120,datos/pixel_image_real/img_00120.png,SUAREZIGLESIASANAISABEL,8.1,8.1,1,811,0.0208,0.1,1
img_00121,datos/pixel_image_real/img_00121.png,SUAREZIGLESIASANAISABEL,11.0,11.0,1,1101,0.0201,2.81,1
img_00122,datos/pixel_image_real/img_00122.png,SUAREZIGLESIASANAISABEL,8.06,8.06,1,807,0.0291,0.06,1
img_00123,datos/pixel_image_real/img_00123.png,SUAREZIGLESIASANAISABEL,9.44,9.44,1,945,0.0206,1.1,1
img_00124,datos/pixel_image_real/img_00124.png,SUAREZIGLESIASANAISABEL,8.44,8.44,1,845,0.0233,0.05,1
img_00125,datos/pixel_image_real/img_00125.png,SUAREZIGLESIASANAISABEL,7.73,7.73,1,774,0.019,0.06,1
img_00126,datos/pixel_image_real/img_00126.png,SUAREZIGLESIASANAISABEL,7.6,7.6,1,761,0.0203,0.07,1
img_00127,datos/pixel_image_real/img_00127.png,ZAPICORODRIGUEZALBA,10.27,11.56,1,1157,0.0216,0.12,1
img_00128,datos/pixel_image_real/img_00128.png,ZAPICORODRIGUEZALBA,3.14,13.01,1,1302,0.0204,4.37,1
img_00129,datos/pixel_image_real/img_00129.png,ZAPICORODRIGUEZALBA,8.38,8.38,1,839,0.0214,0.11,1
img_00130,datos/pixel_image_real/img_00130.png,ZAPICORODRIGUEZALBA,12.44,12.44,1,1245,0.0212,0.63,1
img_00131,datos/pixel_image_real/img_00131.png,ZAPICORODRIGUEZALBA,2.75,10.07,0,1008,0.0211,3.46,1
img_00132,datos/pixel_image_real/img_00132.png,ZAPICORODRIGUEZALBA,8.81,8.81,1,882,0.0204,0.13,1
img_00133,datos/pixel_image_real/img_00133.png,ZAPICORODRIGUEZALBA,7.47,7.47,1,748,0.0187,0.09,1
