image_file,patient_name
img_1.png,ALONSOGARCIAROSAMARIA
img_2.png,ALONSOGARCIAROSAMARIA
img_3.png,ALONSOGARCIAROSAMARIA
img_4.png,ALONSOGARCIAROSAMARIA
img_5.png,ALVAREZFERNANDEZJOSEFINA
img_6.png,ALVAREZFERNANDEZJOSEFINA
img_7.png,ALVAREZFERNANDEZJOSEFINA
img_8.png,ALVAREZFERNANDEZJOSEFINA
img_9.png,ALVAREZFERNANDEZJOSEFINA
img_10.png,ALVAREZFERNANDEZJOSEFINA
img_11.png,ALVAREZNUÑEZMARIALUISA
img_12.png,ALVAREZNUÑEZMARIALUISA
img_13.png,ALVAREZNUÑEZMARIALUISA
img_14.png,ALVAREZNUÑEZMARIALUISA
img_15.png,ALVAREZNUÑEZMARIALUISA
img_16.png,ALVAREZNUÑEZMARIALUISA
img_17.png,ARNALDODOPICOJUANANTONIO
img_18.png,ARNALDODOPICOJUANANTONIO
img_19.png,ARNALDODOPICOJUANANTONIO
img_20.png,ARNALDODOPICOJUANANTONIO
img_21.png,ARNALDODOPICOJUANANTONIO
img_22.png,ARNALDODOPICOJUANANTONIO
img_23.png,ELKACIMRACHID
img_24.png,ELKACIMRACHID
img_25.png,ELKACIMRACHID
img_26.png,ELKACIMRACHID
img_27.png,ELKACIMRACHID
img_28.png,ELKACIMRACHID
img_29.png,ELKACIMRACHID
img_30.png,ELSPERBAUMGARTNERANTONHELMUT
img_31.png,ELSPERBAUMGARTNERANTONHELMUT
img_32.png,ELSPERBAUMGARTNERANTONHELMUT
img_33.png,ELSPERBAUMGARTNERANTONHELMUT
img_34.png,ELSPERBAUMGARTNERANTONHELMUT
img_35.png,ELSPERBAUMGARTNERANTONHELMUT
img_36.png,ELSPERBAUMGARTNERANTONHELMUT
img_37.png,FERNANDEZALONSOAMPARO
img_38.png,FERNANDEZALONSOAMPARO
img_39.png,FERNANDEZALONSOAMPARO
img_40.png,FERNANDEZALONSOAMPARO
img_41.png,FERNANDEZALONSOAMPARO
img_42.png,FERNANDEZALONSOAMPARO
img_43.png,FERNANDEZALONSOAMPARO
img_44.png,FERNANDEZALONSOAMPARO
img_45.png,FERNANDEZALONSOAMPARO
img_46.png,FERNANDEZALVAREZALBA
img_47.png,FERNANDEZALVAREZALBA
img_48.png,FERNANDEZALVAREZALBA
img_49.png,FERNANDEZALVAREZALBA
img_50.png,FERNANDEZALVAREZALBA
img_51.png,FERNANDEZFOLGUEIRASANGELGANRIEL
img_52.png,FERNANDEZFOLGUEIRASANGELGANRIEL
img_53.png,FERNANDEZFOLGUEIRASANGELGANRIEL
img_54.png,FERNANDEZFOLGUEIRASANGELGANRIEL
img_55.png,FERNANDEZFOLGUEIRASANGELGANRIEL
img_56.png,FERNANDEZFOLGUEIRASANGELGANRIEL
img_57.png,FERNANDEZFOLGUEIRASANGELGANRIEL
img_58.png,FERNANDEZFOLGUEIRASANGELGANRIEL
img_59.png,GONZALEZBERDIALAIDOIA
img_60.png,GONZALEZBERDIALAIDOIA
img_61.png,GONZALEZBERDIALAIDOIA
img_62.png,GONZALEZBERDIALAIDOIA
img_63.png,GONZALEZBERDIALAIDOIA
img_64.png,GONZALEZBERDIALAIDOIA
img_65.png,GONZALEZMORANANGEL
img_66.png,GONZALEZMORANANGEL
img_67.png,GONZALEZMORANANGEL
img_68.png,GONZALEZMORANANGEL
img_69.png,GONZALEZMORANANGEL
img_70.png,GONZALEZMORANANGEL
img_71.png,GONZALEZMORANANGEL
img_72.png,GUTIÉRREZMORANAVELINO
img_73.png,GUTIÉRREZMORANAVELINO
img_74.png,MARTÍNAGUDOALBERTOJOSÉ
img_75.png,MARTÍNAGUDOALBERTOJOSÉ
img_76.png,MARTÍNAGUDOALBERTOJOSÉ
img_77.png,MARTÍNAGUDOALBERTOJOSÉ
img_78.png,MARTÍNAGUDOALBERTOJOSÉ
img_79.png,MARTÍNAGUDOALBERTOJOSÉ
img_80.png,MARTÍNAGUDOALBERTOJOSÉ
img_81.png,MONTESRAMOSADOLFO
img_82.png,MONTESRAMOSADOLFO
img_83.png,MONTESRAMOSADOLFO
img_84.png,MONTESRAMOSADOLFO
img_85.png,MONTESRAMOSADOLFO
img_86.png,MONTESRAMOSADOLFO
img_87.png,MONTESRAMOSADOLFO
img_88.png,MONTESRAMOSADOLFO
img_89.png,PALACIOSTRESPALACIOSANDRÉS
img_90.png,PALACIOSTRESPALACIOSANDRÉS
img_91.png,PALACIOSTRESPALACIOSANDRÉS
img_92.png,PALACIOSTRESPALACIOSANDRÉS
img_93.png,PALACIOSTRESPALACIOSANDRÉS
img_94.png,PALACIOSTRESPALACIOSANDRÉS
img_95.png,POSADAPEREZARMANDOFRANCISCO
img_96.png,POSADAPEREZARMANDOFRANCISCO
img_97.png,POSADAPEREZARMANDOFRANCISCO
img_98.png,POSADAPEREZARMANDOFRANCISCO
img_99.png,POSADAPEREZARMANDOFRANCISCO
img_100.png,POSADAPEREZARMANDOFRANCISCO
img_101.png,QUINTANAROBESANGELES
img_102.png,QUINTANAROBESANGELES
img_103.png,QUINTANAROBESANGELES
img_104.png,QUINTANAROBESANGELES
img_105.png,QUINTANAROBESANGELES
img_106.png,QUINTANAROBESANGELES
img_107.png,QUINTANAROBESANGELES
img_108.png,QUINTANAROBESANGELES
img_109.png,QUINTANAROBESANGELES
img_110.png,QUINTANAROBESANGELES
img_111.png,QUINTANAROBESANGELES
img_112.png,SUAREZDELAROZADELINO
img_113.png,SUAREZDELAROZADELINO
img_114.png,SUAREZDELAROZADELINO
img_115.png,SUAREZDELAROZADELINO
img_116.png,SUAREZDELAROZADELINO
img_117.png,SUAREZDELAROZADELINO
img_118.png,SUAREZDELAROZADELINO
img_119.png,SUAREZIGLESIASANAISABEL
img_120.png,SUAREZIGLESIASANAISABEL
img_121.png,SUAREZIGLESIASANAISABEL
img_122.png,SUAREZIGLESIASANAISABEL
img_123.png,SUAREZIGLESIASANAISABEL
img_124.png,SUAREZIGLESIASANAISABEL
img_125.png,SUAREZIGLESIASANAISABEL
img_126.png,SUAREZIGLESIASANAISABEL
img_127.png,ZAPICORODRIGUEZALBA
img_128.png,ZAPICORODRIGUEZALBA
img_129.png,ZAPICORODRIGUEZALBA
img_130.png,ZAPICORODRIGUEZALBA
img_131.png,ZAPICORODRIGUEZALBA
img_132.png,ZAPICORODRIGUEZALBA
img_133.png,ZAPICORODRIGUEZALBA
