image_file,patient_name,frequency
img_1.png,ALONSOGARCIAROSAMARIA,100
img_2.png,ALONSOGARCIAROSAMARIA,100
img_3.png,ALONSOGARCIAROSAMARIA,100
img_4.png,ALONSOGARCIAROSAMARIA,100
img_5.png,ALVAREZFERNANDEZJOSEFINA,100
img_6.png,ALVAREZFERNANDEZJOSEFINA,100
img_7.png,ALVAREZFERNANDEZJOSEFINA,100
img_8.png,ALVAREZFERNANDEZJOSEFINA,100
img_9.png,ALVAREZFERNANDEZJOSEFINA,100
img_10.png,ALVAREZFERNANDEZJOSEFINA,100
img_11.png,ALVAREZNUÑEZMARIALUISA,100
img_12.png,ALVAREZNUÑEZMARIALUISA,100
img_13.png,ALVAREZNUÑEZMARIALUISA,100
img_14.png,ALVAREZNUÑEZMARIALUISA,100
img_15.png,ALVAREZNUÑEZMARIALUISA,100
img_16.png,ALVAREZNUÑEZMARIALUISA,100
img_17.png,ARNALDODOPICOJUANANTONIO,100
img_18.png,ARNALDODOPICOJUANANTONIO,100
img_19.png,ARNALDODOPICOJUANANTONIO,100
img_20.png,ARNALDODOPICOJUANANTONIO,100
img_21.png,ARNALDODOPICOJUANANTONIO,100
img_22.png,ARNALDODOPICOJUANANTONIO,100
img_23.png,ELKACIMRACHID,100
img_24.png,ELKACIMRACHID,100
img_25.png,ELKACIMRACHID,100
img_26.png,ELKACIMRACHID,100
img_27.png,ELKACIMRACHID,100
img_28.png,ELKACIMRACHID,100
img_29.png,ELKACIMRACHID,100
img_30.png,ELSPERBAUMGARTNERANTONHELMUT,100
img_31.png,ELSPERBAUMGARTNERANTONHELMUT,100
img_32.png,ELSPERBAUMGARTNERANTONHELMUT,100
img_33.png,ELSPERBAUMGARTNERANTONHELMUT,100
img_34.png,ELSPERBAUMGARTNERANTONHELMUT,100
img_35.png,ELSPERBAUMGARTNERANTONHELMUT,100
img_36.png,ELSPERBAUMGARTNERANTONHELMUT,100
img_37.png,FERNANDEZALONSOAMPARO,100
img_38.png,FERNANDEZALONSOAMPARO,100
img_39.png,FERNANDEZALONSOAMPARO,100
img_40.png,FERNANDEZALONSOAMPARO,100
img_41.png,FERNANDEZALONSOAMPARO,100
img_42.png,FERNANDEZALONSOAMPARO,100
img_43.png,FERNANDEZALONSOAMPARO,100
img_44.png,FERNANDEZALONSOAMPARO,100
img_45.png,FERNANDEZALONSOAMPARO,100
img_46.png,FERNANDEZALVAREZALBA,100
img_47.png,FERNANDEZALVAREZALBA,100
img_48.png,FERNANDEZALVAREZALBA,100
img_49.png,FERNANDEZALVAREZALBA,100
img_50.png,FERNANDEZALVAREZALBA,100
img_51.png,FERNANDEZFOLGUEIRASANGELGANRIEL,100
img_52.png,FERNANDEZFOLGUEIRASANGELGANRIEL,100
img_53.png,FERNANDEZFOLGUEIRASANGELGANRIEL,100
img_54.png,FERNANDEZFOLGUEIRASANGELGANRIEL,100
img_55.png,FERNANDEZFOLGUEIRASANGELGANRIEL,100
img_56.png,FERNANDEZFOLGUEIRASANGELGANRIEL,100
img_57.png,FERNANDEZFOLGUEIRASANGELGANRIEL,100
img_58.png,FERNANDEZFOLGUEIRASANGELGANRIEL,100
img_59.png,GONZALEZBERDIALAIDOIA,100
img_60.png,GONZALEZBERDIALAIDOIA,100
img_61.png,GONZALEZBERDIALAIDOIA,100
img_62.png,GONZALEZBERDIALAIDOIA,100
img_63.png,GONZALEZBERDIALAIDOIA,100
img_64.png,GONZALEZBERDIALAIDOIA,100
img_65.png,GONZALEZMORANANGEL,100
img_66.png,GONZALEZMORANANGEL,100
img_67.png,GONZALEZMORANANGEL,100
img_68.png,GONZALEZMORANANGEL,100
img_69.png,GONZALEZMORANANGEL,100
img_70.png,GONZALEZMORANANGEL,100
img_71.png,GONZALEZMORANANGEL,100
img_72.png,GUTIÉRREZMORANAVELINO,100
img_73.png,GUTIÉRREZMORANAVELINO,100
img_74.png,MARTÍNAGUDOALBERTOJOSÉ,100
img_75.png,MARTÍNAGUDOALBERTOJOSÉ,100
img_76.png,MARTÍNAGUDOALBERTOJOSÉ,100
img_77.png,MARTÍNAGUDOALBERTOJOSÉ,100
img_78.png,MARTÍNAGUDOALBERTOJOSÉ,100
img_79.png,MARTÍNAGUDOALBERTOJOSÉ,100
img_80.png,MARTÍNAGUDOALBERTOJOSÉ,100
img_81.png,MONTESRAMOSADOLFO,100
img_82.png,MONTESRAMOSADOLFO,100
img_83.png,MONTESRAMOSADOLFO,100
img_84.png,MONTESRAMOSADOLFO,100
img_85.png,MONTESRAMOSADOLFO,100
img_86.png,MONTESRAMOSADOLFO,100
img_87.png,MONTESRAMOSADOLFO,100
img_88.png,MONTESRAMOSADOLFO,100
img_89.png,PALACIOSTRESPALACIOSANDRÉS,100
img_90.png,PALACIOSTRESPALACIOSANDRÉS,100
img_91.png,PALACIOSTRESPALACIOSANDRÉS,100
img_92.png,PALACIOSTRESPALACIOSANDRÉS,100
img_93.png,PALACIOSTRESPALACIOSANDRÉS,100
img_94.png,PALACIOSTRESPALACIOSANDRÉS,100
img_95.png,POSADAPEREZARMANDOFRANCISCO,100
img_96.png,POSADAPEREZARMANDOFRANCISCO,100
img_97.png,POSADAPEREZARMANDOFRANCISCO,100
img_98.png,POSADAPEREZARMANDOFRANCISCO,100
img_99.png,POSADAPEREZARMANDOFRANCISCO,100
img_100.png,POSADAPEREZARMANDOFRANCISCO,100
img_101.png,QUINTANAROBESANGELES,100
img_102.png,QUINTANAROBESANGELES,100
img_103.png,QUINTANAROBESANGELES,100
img_104.png,QUINTANAROBESANGELES,100
img_105.png,QUINTANAROBESANGELES,100
img_106.png,QUINTANAROBESANGELES,100
img_107.png,QUINTANAROBESANGELES,100
img_108.png,QUINTANAROBESANGELES,100
img_109.png,QUINTANAROBESANGELES,100
img_110.png,QUINTANAROBESANGELES,100
img_111.png,QUINTANAROBESANGELES,100
img_112.png,SUAREZDELAROZADELINO,100
img_113.png,SUAREZDELAROZADELINO,100
img_114.png,SUAREZDELAROZADELINO,100
img_115.png,SUAREZDELAROZADELINO,100
img_116.png,SUAREZDELAROZADELINO,100
img_117.png,SUAREZDELAROZADELINO,100
img_118.png,SUAREZDELAROZADELINO,100
img_119.png,SUAREZIGLESIASANAISABEL,100
img_120.png,SUAREZIGLESIASANAISABEL,100
img_121.png,SUAREZIGLESIASANAISABEL,100
img_122.png,SUAREZIGLESIASANAISABEL,100
img_123.png,SUAREZIGLESIASANAISABEL,100
img_124.png,SUAREZIGLESIASANAISABEL,100
img_125.png,SUAREZIGLESIASANAISABEL,100
img_126.png,SUAREZIGLESIASANAISABEL,100
img_127.png,ZAPICORODRIGUEZALBA,100
img_128.png,ZAPICORODRIGUEZALBA,100
img_129.png,ZAPICORODRIGUEZALBA,100
img_130.png,ZAPICORODRIGUEZALBA,100
img_131.png,ZAPICORODRIGUEZALBA,100
img_132.png,ZAPICORODRIGUEZALBA,100
img_133.png,ZAPICORODRIGUEZALBA,100
